<?xml version="1.0" encoding="UTF-8"?>
<?xml-stylesheet type="text/xsl" href="style.xsl"?>


<?xml version="1.0" encoding="UTF-8"?>
<?xml-stylesheet type="text/xsl" href="style.xsl"?>


<employees>


<employee>
<e_id>E1</e_id>
<name>Aishwarya</name>
<ph_no>9124689752</ph_no>
<address>BANGALORE</address>
</employee>


<employee>
<e_id>E2</e_id>
<name>Shivam</name>
<ph_no>9124689752</ph_no>
<address>BANGALORE</address>
</employee>
<employee>
<e_id>E3</e_id>
<name>Dhanya</name>
<ph_no>9124689752</ph_no>
<address>Chennai</address>
</employee>
<employee>
<e_id>E4</e_id>
<name>Bhumika</name>
<ph_no>9124689752</ph_no>
<address>Hosur</address>
</employee>
<employee>
<e_id>E5</e_id>
<name>annjoys</name>
<ph_no>9124689752</ph_no>
<address>Trichy</address>
</employee>
<employee>
<e_id>E6</e_id>
<name>sridharshan</name>
<ph_no>9124689752</ph_no>
<address>Mangalore</address>
</employee>
<employee>
<e_id>E7</e_id>
<name>Apporva</name>
<ph_no>9124689752</ph_no>
<address>BANGALORE</address>
</employee>
<employee>
<e_id>E8</e_id>
<name>varsha</name>
<ph_no>9124689752</ph_no>
<address>Chennai</address>
</employee>
</employees>
