<?xml version="1.0" encoding="UTF-8"?>
<payroll>
   <employee>
      <emp_id>C1C</emp_id>
      <name>aishu</name>
      <ph_no>9124689752</ph_no>
      <bill_no>101</bill_no>
      <address>BANGALORE</address>
      <e_id>E1M</e_id>
   </employee>
   <employee>
      <emp_id>C2C</emp_id>
      <name>shivam</name>
      <ph_no>7846392648</ph_no>
      <bill_no>102</bill_no>
      <address>MANGALORE</address>
      <e_id>E1F</e_id>
   </employee>
   <employee>
      <emp_id>C3C</emp_id>
      <name>sneha</name>
      <ph_no>9547372820</ph_no>
      <bill_no>103</bill_no>
      <address>BANGALORE</address>
      <e_id>E1M</e_id>
   </employee>
   <employee>
      <emp_id>C4C</emp_id>
      <name>arun</name>
      <ph_no>758392064</ph_no>
      <bill_no>105</bill_no>
      <address>UDUPI</address>
      <e_id>E1F</e_id>
   </employee>
   <employee>
      <emp_id>C5C</emp_id>
      <name>aryan</name>
      <ph_no>9805647382</ph_no>
      <bill_no>106</bill_no>
      <address>SHIVAMOGGA</address>
      <e_id>E2F</e_id>
   </employee>
   <employee>
      <emp_id>C6C</emp_id>
      <name>DHANUSH</name>
      <ph_no>9758473527</ph_no>
      <bill_no>107</bill_no>
      <address>SAGARA</address>
      <e_id>E2M</e_id>
   </employee>
   <employee>
      <emp_id>C7C</emp_id>
      <name>muktha</name>
      <ph_no>9886644221</ph_no>
      <bill_no>107</bill_no>
      <address>THUMKUR</address>
      <e_id>E2F</e_id>
   </employee>
   <employee>
      <emp_id>C8C</emp_id>
      <name>KSHMI</name>
      <ph_no>796825135</ph_no>
      <bill_no>108</bill_no>
      <address>HUBLI</address>
      <e_id>E2F</e_id>
   </employee>
</payroll>




